{
  "pos_weight": 5.652911186218262,
  "best_val_auc": 0.6609331420222849,
  "epochs_trained": 15,
  "test_auc": 0.6096474469822186,
  "test_ap": 0.2592274288027909
}