{
  "pos_weight": 5.652911186218262,
  "best_val_auc": 0.6716277461817253,
  "epochs_trained": 15,
  "test_auc": 0.6209817070840665,
  "test_ap": 0.27026179581827126
}