{
  "-1": {
    "base_early": 0.6154248696067058,
    "det_cap": 0.5939142383728888,
    "ml_cap": 0.6994237853601922,
    "ml_prob_thr": 0.65,
    "ml_peak_gate": 0.0,
    "weak_frac": 0.7655782785928555,
    "weak_req": 1,
    "peak_cap": 0.2,
    "peak_prob_thr": 0.7,
    "peak_boost_cap": 0.1,
    "peak_boost_thr": 0.85,
    "peak_thr_shift": 0.04,
    "quality_prob_thr": 0.56
  },
  "0": {
    "base_early": 0.6123725895511403,
    "det_cap": 0.402125389831291,
    "ml_cap": 0.7129977128401654,
    "ml_prob_thr": 0.48203380261394996,
    "ml_peak_gate": 0.04325677996448653,
    "weak_frac": 0.5677290377548255,
    "weak_req": 7,
    "peak_cap": 0.3580158977654284,
    "peak_prob_thr": 0.7427529833994884,
    "peak_boost_cap": 0.1455875051817857,
    "peak_boost_thr": 0.7920518897903978,
    "peak_thr_shift": 0.04468564924380235,
    "quality_prob_thr": 0.56
  },
  "1": {
    "base_early": 0.5884557690630385,
    "det_cap": 0.9385444764368249,
    "ml_cap": 0.831296072021613,
    "ml_prob_thr": 0.516990413238573,
    "ml_peak_gate": 0.06133128073128227,
    "weak_frac": 0.683762701834798,
    "weak_req": 6,
    "peak_cap": 0.4154795202568434,
    "peak_prob_thr": 0.7200966319811117,
    "peak_boost_cap": 0.3437936434949097,
    "peak_boost_thr": 0.8501085364247778,
    "peak_thr_shift": 0.05659033301881841,
    "quality_prob_thr": 0.56
  }
}