{
  "-1": {
    "base_early": 0.6154248696067058,
    "det_cap": 0.5939142383728888,
    "ml_cap": 0.6994237853601922,
    "ml_prob_thr": 0.7150544609388172,
    "weak_frac": 0.7655782785928555,
    "weak_req": 1
  },
  "0": {
    "base_early": 0.608935633403437,
    "det_cap": 0.4134072394701689,
    "ml_cap": 0.7253594424175182,
    "ml_prob_thr": 0.8311084111657097,
    "weak_frac": 0.5724806156424604,
    "weak_req": 5
  },
  "1": {
    "base_early": 0.5524324445578574,
    "det_cap": 0.8230224748887198,
    "ml_cap": 0.7376868954204823,
    "ml_prob_thr": 0.7126578649111824,
    "weak_frac": 0.8267670621985246,
    "weak_req": 5
  }
}