{
  "stocks": {
    "ONDS": {
      "avg_price": 4.79,
      "shares": 24.08,
      "invested_lei": 500.0,
      "fx_rate_buy": 4.34
    },
    "O": {
      "avg_price": 58.44,
      "shares": 3.3479153646995807,
      "invested_lei": 900.0,
      "fx_rate_buy": 4.34
    },
    "RL": {
      "avg_price": 315.52449568827166,
      "shares": 4.787912727484291,
      "invested_lei": 6523.24,
      "fx_rate_buy": 4.316777263861143
    },
    "W": {
      "avg_price": 89.59,
      "shares": 1.2886718267609478,
      "invested_lei": 500.0,
      "fx_rate_buy": 4.3308000564575195
    },
    "CRDO": {
      "avg_price": 138.95,
      "shares": 1.7083788521322765,
      "invested_lei": 1024.6,
      "fx_rate_buy": 4.316299915313721
    },
    "GFI": {
      "avg_price": 33.63,
      "shares": 3.4447017570279925,
      "invested_lei": 500.0,
      "fx_rate_buy": 4.316100120544434
    },
    "RYTM": {
      "avg_price": 99.9,
      "shares": 1.6346557742345953,
      "invested_lei": 704.42,
      "fx_rate_buy": 4.313600063323975
    },
    "NVDA": {
      "avg_price": 167.72,
      "shares": 0.13788895264472423,
      "invested_lei": 100.0,
      "fx_rate_buy": 4.323999881744385
    }
  },
  "realized_pnl": 2765.275906071067
}