{
  "stocks": {
    "M": {
      "avg_price": 17.34114759348088,
      "shares": 29.823050747095515,
      "invested_lei": 2229.87,
      "fx_rate_buy": 4.311791381600628
    },
    "NVDA": {
      "avg_price": 179.7670042002792,
      "shares": 7.912957536435968,
      "invested_lei": 6195.4781715578,
      "fx_rate_buy": 4.366043224335877
    },
    "MU": {
      "avg_price": 220.5,
      "shares": 1.5041476053544218,
      "invested_lei": 1448.18,
      "fx_rate_buy": 4.366399765014648
    },
    "LRCX": {
      "avg_price": 161.9,
      "shares": 2.013039305582873,
      "invested_lei": 1430.0,
      "fx_rate_buy": 4.387700080871582
    },
    "FSLR": {
      "avg_price": 273.6584772656849,
      "shares": 3.3709008519146275,
      "invested_lei": 4060.82,
      "fx_rate_buy": 4.402164521762592
    },
    "III.TO": {
      "avg_price": 6.79,
      "shares": 53.390972609083356,
      "invested_lei": 1595.0,
      "fx_rate_buy": 4.399700164794922
    },
    "KEP": {
      "avg_price": 16.419337449697537,
      "shares": 48.43091566912993,
      "invested_lei": 3482.05,
      "fx_rate_buy": 4.378833712379269
    }
  },
  "realized_pnl": 2621.5814741239965
}