{
  "stocks": {
    "ONDS": {
      "avg_price": 4.79,
      "shares": 24.08,
      "invested_lei": 500.0,
      "fx_rate_buy": 4.34
    },
    "KOD": {
      "avg_price": 11.0,
      "shares": 3.9525691699604746,
      "invested_lei": 200.0,
      "fx_rate_buy": 4.34
    },
    "O": {
      "avg_price": 58.44,
      "shares": 3.3479153646995807,
      "invested_lei": 900.0,
      "fx_rate_buy": 4.34
    },
    "VSAT": {
      "avg_price": 33.5,
      "shares": 3.2446463335496434,
      "invested_lei": 500.0,
      "fx_rate_buy": 4.34
    },
    "GOOGL": {
      "avg_price": 211.69,
      "shares": 1.0269323272135014,
      "invested_lei": 1000.0,
      "fx_rate_buy": 4.34
    },
    "GOOG": {
      "avg_price": 213.4,
      "shares": 1.01870339431971,
      "invested_lei": 1000.0,
      "fx_rate_buy": 4.34
    },
    "RL": {
      "avg_price": 313.0,
      "shares": 0.22051962573323325,
      "invested_lei": 300.0,
      "fx_rate_buy": 4.346399784088135
    }
  },
  "realized_pnl": 2732.2486461389153
}