{
  "stocks": {
    "ONDS": {
      "avg_price": 4.79,
      "shares": 24.08,
      "invested_lei": 500.0,
      "fx_rate_buy": 4.34
    },
    "O": {
      "avg_price": 58.44,
      "shares": 3.3479153646995807,
      "invested_lei": 900.0,
      "fx_rate_buy": 4.34
    },
    "VSAT": {
      "avg_price": 33.5,
      "shares": 3.2446463335496434,
      "invested_lei": 500.0,
      "fx_rate_buy": 4.34
    },
    "RL": {
      "avg_price": 318.656813318198,
      "shares": 2.6694331416100185,
      "invested_lei": 3703.81,
      "fx_rate_buy": 4.355000019073486
    }
  },
  "realized_pnl": 2817.552905725044
}