{
  "stocks": {
    "ONDS": {
      "avg_price": 4.79,
      "shares": 104.38413361169103,
      "invested_lei": 500.0
    }
  },
  "realized_pnl": -0.7155635062611535
}
