{
  "stocks": {
    "RL": {
      "avg_price": 318.31660157857897,
      "shares": 1.4204453321174557,
      "invested_lei": 1952.6986040949464,
      "fx_rate_buy": 4.332357567039905
    },
    "GFI": {
      "avg_price": 33.63,
      "shares": 3.4447017570279925,
      "invested_lei": 500.0,
      "fx_rate_buy": 4.316100120544434
    },
    "XERS": {
      "avg_price": 7.798115485254205,
      "shares": 5.979078415297996,
      "invested_lei": 200.0,
      "fx_rate_buy": 4.315499782562256
    },
    "NIO": {
      "avg_price": 7.24,
      "shares": 16.131549547251314,
      "invested_lei": 500.0,
      "fx_rate_buy": 4.281099796295166
    },
    "ACFN": {
      "avg_price": 30.84635655674213,
      "shares": 6.384190070410437,
      "invested_lei": 850.0,
      "fx_rate_buy": 4.316299915313721
    },
    "METC": {
      "avg_price": 29.911240833911705,
      "shares": 6.20277031360157,
      "invested_lei": 800.0,
      "fx_rate_buy": 4.311912298202515
    },
    "COMM": {
      "avg_price": 16.3,
      "shares": 14.230305073334003,
      "invested_lei": 1000.0,
      "fx_rate_buy": 4.311200141906738
    },
    "M": {
      "avg_price": 17.216137932529303,
      "shares": 25.352084135381823,
      "invested_lei": 1879.87,
      "fx_rate_buy": 4.307097983091291
    },
    "NVDA": {
      "avg_price": 176.50500519287726,
      "shares": 4.400309066053813,
      "invested_lei": 3371.8693310904664,
      "fx_rate_buy": 4.341387434456703
    }
  },
  "realized_pnl": 2808.538895432227
}