{
  "stocks": {
    "ONDS": {
      "avg_price": 4.79,
      "shares": 24.08,
      "invested_lei": 500.0,
      "fx_rate_buy": 4.34
    },
    "NVDA": {
      "avg_price": 172.02,
      "shares": 0.13374925949405497,
      "invested_lei": 100.0,
      "fx_rate_buy": 4.346399784088135
    },
    "RL": {
      "avg_price": 318.31660157857897,
      "shares": 3.290326080314315,
      "invested_lei": 4523.24,
      "fx_rate_buy": 4.31689977645874
    },
    "W": {
      "avg_price": 89.59,
      "shares": 1.2886718267609478,
      "invested_lei": 500.0,
      "fx_rate_buy": 4.3308000564575195
    },
    "CRDO": {
      "avg_price": 138.95,
      "shares": 1.7083788521322765,
      "invested_lei": 1024.6,
      "fx_rate_buy": 4.316299915313721
    },
    "GFI": {
      "avg_price": 33.63,
      "shares": 3.4447017570279925,
      "invested_lei": 500.0,
      "fx_rate_buy": 4.316100120544434
    }
  },
  "realized_pnl": 2782.8605924872422
}