{
  "stocks": {
    "AAPL": {
      "avg_price": 20.0,
      "shares": 10.0,
      "invested_lei": 200.0
    },
    "MSFT": {
      "avg_price": 260.0,
      "shares": 12.0,
      "invested_lei": 200.0
    },
    "NVDA": {
      "avg_price": 100.0,
      "shares": 0.2,
      "invested_lei": 20.0
    },
    "ONDAS": {
      "avg_price": 4.789457327043014,
      "shares": 166.88413361169103,
      "invested_lei": 299.28443649373884
    }
  },
  "realized_pnl": -0.7155635062611535
}