{
  "stocks": {
    "ONDS": {
      "avg_price": 4.79,
      "shares": 24.08,
      "invested_lei": 500.0,
      "fx_rate_buy": 4.34
    },
    "RL": {
      "avg_price": 318.31660157857897,
      "shares": 3.290326080314315,
      "invested_lei": 4523.24,
      "fx_rate_buy": 4.31689977645874
    },
    "GFI": {
      "avg_price": 33.63,
      "shares": 3.4447017570279925,
      "invested_lei": 500.0,
      "fx_rate_buy": 4.316100120544434
    },
    "XERS": {
      "avg_price": 7.798115485254205,
      "shares": 5.979078415297996,
      "invested_lei": 200.0,
      "fx_rate_buy": 4.315499782562256
    },
    "NIO": {
      "avg_price": 7.24,
      "shares": 16.131549547251314,
      "invested_lei": 500.0,
      "fx_rate_buy": 4.281099796295166
    },
    "ACFN": {
      "avg_price": 31.71,
      "shares": 1.461275878605118,
      "invested_lei": 200.0,
      "fx_rate_buy": 4.316199779510498
    }
  },
  "realized_pnl": 2557.716088158365
}