{
  "stocks": {
    "NIO": {
      "avg_price": 7.24,
      "shares": 16.131549547251314,
      "invested_lei": 500.0,
      "fx_rate_buy": 4.281099796295166
    },
    "METC": {
      "avg_price": 29.911240833911705,
      "shares": 6.20277031360157,
      "invested_lei": 800.0,
      "fx_rate_buy": 4.311912298202515
    },
    "M": {
      "avg_price": 17.34114759348088,
      "shares": 29.823050747095515,
      "invested_lei": 2229.87,
      "fx_rate_buy": 4.311791381600628
    },
    "NVDA": {
      "avg_price": 176.96791753272825,
      "shares": 9.631314107971988,
      "invested_lei": 7396.739331090466,
      "fx_rate_buy": 4.339701433340348
    },
    "PRE": {
      "avg_price": 12.847711789587423,
      "shares": 17.983197229972742,
      "invested_lei": 1000.0,
      "fx_rate_buy": 4.328199863433838
    },
    "FIX": {
      "avg_price": 866.46,
      "shares": 0.13304299559210514,
      "invested_lei": 500.0,
      "fx_rate_buy": 4.337399959564209
    },
    "RL": {
      "avg_price": 315.62,
      "shares": 2.670547677525985,
      "invested_lei": 3650.0,
      "fx_rate_buy": 4.330399990081787
    },
    "EDV": {
      "avg_price": 60.290000000000006,
      "shares": 4.026088093417595,
      "invested_lei": 1054.48,
      "fx_rate_buy": 4.344199791147047
    },
    "TTI": {
      "avg_price": 5.57,
      "shares": 50.115980619593714,
      "invested_lei": 1227.74,
      "fx_rate_buy": 4.398200035095215
    }
  },
  "realized_pnl": 2733.463792472525
}