{
  "stocks": {
    "M": {
      "avg_price": 17.34114759348088,
      "shares": 29.823050747095515,
      "invested_lei": 2229.87,
      "fx_rate_buy": 4.311791381600628
    },
    "NVDA": {
      "avg_price": 179.7670042002792,
      "shares": 7.912957536435968,
      "invested_lei": 6195.4781715578,
      "fx_rate_buy": 4.366043224335877
    },
    "PRE": {
      "avg_price": 12.847711789587423,
      "shares": 17.983197229972742,
      "invested_lei": 1000.0,
      "fx_rate_buy": 4.328199863433838
    },
    "TTI": {
      "avg_price": 5.57,
      "shares": 50.115980619593714,
      "invested_lei": 1227.74,
      "fx_rate_buy": 4.398200035095215
    },
    "IDCC": {
      "avg_price": 370.0,
      "shares": 1.0027829935479369,
      "invested_lei": 1623.96,
      "fx_rate_buy": 4.3769001960754395
    },
    "XGN": {
      "avg_price": 12.0,
      "shares": 15.267058427245873,
      "invested_lei": 800.0,
      "fx_rate_buy": 4.366700172424316
    }
  },
  "realized_pnl": 2623.044661482091
}