{
  "stocks": {
    "KEP": {
      "avg_price": 16.419337449697537,
      "shares": 37.147282903371604,
      "invested_lei": 2670.7877529586435,
      "fx_rate_buy": 4.363891607334479,
      "currency": "USD"
    },
    "ERO": {
      "avg_price": 34.10278248874957,
      "shares": 35.11594811239873,
      "invested_lei": 5134.67,
      "currency": "USD",
      "fx_rate_buy": 4.28764009475708
    },
    "BTG": {
      "avg_price": 5.273124336058417,
      "shares": 496.51530867666236,
      "invested_lei": 11272.277228028019,
      "currency": "USD",
      "fx_rate_buy": 4.30538634718915
    },
    "ARG.TO": {
      "avg_price": 5.63,
      "shares": 112.62080009337838,
      "invested_lei": 2000.0,
      "currency": "CAD",
      "fx_rate_buy": 3.1542999744415283
    },
    "FORM": {
      "avg_price": 94.0,
      "shares": 2.4709198059397062e-05,
      "invested_lei": 0.01,
      "currency": "USD",
      "fx_rate_buy": 4.3053998947143555
    }
  },
  "realized_pnl": 4061.6705749139196
}