{
  "stocks": {
    "AAPL": {
      "avg_price": 20.0,
      "shares": 10.0,
      "invested_lei": 200.0
    },
    "MSFT": {
      "avg_price": 260.0,
      "shares": 12.0,
      "invested_lei": 200.0
    },
    "NVDA": {
      "avg_price": 100.0,
      "shares": 0.2,
      "invested_lei": 20.0
    },
    "ONDAS": {
      "avg_price": 4.788550983899821,
      "shares": 146.18200836820083,
      "invested_lei": 699.9999999999999
    }
  },
  "realized_pnl": 0.0
}