{
  "stocks": {
    "ONDS": {
      "avg_price": 4.79,
      "shares": 24.08,
      "invested_lei": 500.0,
      "fx_rate_buy": 4.34
    },
    "KOD": {
      "avg_price": 11.0,
      "shares": 3.9525691699604746,
      "invested_lei": 200.0,
      "fx_rate_buy": 4.34
    },
    "AMZN": {
      "avg_price": 217.84,
      "shares": 2.5946446534353096,
      "invested_lei": 2600.0,
      "fx_rate_buy": 4.34
    },
    "CSCO": {
      "avg_price": 60.92,
      "shares": 3.7468954295012704,
      "invested_lei": 1050.0,
      "fx_rate_buy": 4.34
    },
    "O": {
      "avg_price": 58.44,
      "shares": 3.3479153646995807,
      "invested_lei": 900.0,
      "fx_rate_buy": 4.34
    },
    "VSAT": {
      "avg_price": 33.5,
      "shares": 3.2446463335496434,
      "invested_lei": 500.0,
      "fx_rate_buy": 4.34
    },
    "GOOGL": {
      "avg_price": 211.69,
      "shares": 1.0269323272135014,
      "invested_lei": 1000.0,
      "fx_rate_buy": 4.34
    },
    "GOOG": {
      "avg_price": 213.4,
      "shares": 1.01870339431971,
      "invested_lei": 1000.0,
      "fx_rate_buy": 4.34
    }
  },
  "realized_pnl": 2549.52
}
