{
  "stocks": {
    "GFI": {
      "avg_price": 33.63,
      "shares": 3.4447017570279925,
      "invested_lei": 500.0,
      "fx_rate_buy": 4.316100120544434
    },
    "NIO": {
      "avg_price": 7.24,
      "shares": 16.131549547251314,
      "invested_lei": 500.0,
      "fx_rate_buy": 4.281099796295166
    },
    "METC": {
      "avg_price": 29.911240833911705,
      "shares": 6.20277031360157,
      "invested_lei": 800.0,
      "fx_rate_buy": 4.311912298202515
    },
    "COMM": {
      "avg_price": 16.3,
      "shares": 14.230305073334003,
      "invested_lei": 1000.0,
      "fx_rate_buy": 4.311200141906738
    },
    "M": {
      "avg_price": 17.34114759348088,
      "shares": 29.823050747095515,
      "invested_lei": 2229.87,
      "fx_rate_buy": 4.311791381600628
    },
    "NVDA": {
      "avg_price": 176.96791753272825,
      "shares": 9.631314107971988,
      "invested_lei": 7396.739331090466,
      "fx_rate_buy": 4.339701433340348
    },
    "PRE": {
      "avg_price": 12.847711789587423,
      "shares": 17.983197229972742,
      "invested_lei": 1000.0,
      "fx_rate_buy": 4.328199863433838
    },
    "FIX": {
      "avg_price": 866.46,
      "shares": 0.13304299559210514,
      "invested_lei": 500.0,
      "fx_rate_buy": 4.337399959564209
    },
    "CGG": {
      "avg_price": 26.51490820180112,
      "shares": 6.092105412988165,
      "invested_lei": 700.0,
      "fx_rate_buy": 4.333516981601715
    },
    "RL": {
      "avg_price": 315.62,
      "shares": 2.670547677525985,
      "invested_lei": 3650.0,
      "fx_rate_buy": 4.330399990081787
    }
  },
  "realized_pnl": 2805.438795930616
}