{
  "stocks": {
    "NIO": {
      "avg_price": 7.24,
      "shares": 16.131549547251314,
      "invested_lei": 500.0,
      "fx_rate_buy": 4.281099796295166
    },
    "METC": {
      "avg_price": 31.004566163439804,
      "shares": 6.590615760302803,
      "invested_lei": 882.2,
      "fx_rate_buy": 4.317399229275831
    },
    "M": {
      "avg_price": 17.34114759348088,
      "shares": 29.823050747095515,
      "invested_lei": 2229.87,
      "fx_rate_buy": 4.311791381600628
    },
    "NVDA": {
      "avg_price": 179.7579069334686,
      "shares": 14.895089160531679,
      "invested_lei": 11661.989331090466,
      "fx_rate_buy": 4.355633618840094
    },
    "PRE": {
      "avg_price": 12.847711789587423,
      "shares": 17.983197229972742,
      "invested_lei": 1000.0,
      "fx_rate_buy": 4.328199863433838
    },
    "EDV": {
      "avg_price": 60.290000000000006,
      "shares": 4.026088093417595,
      "invested_lei": 1054.48,
      "fx_rate_buy": 4.344199791147047
    },
    "TTI": {
      "avg_price": 5.57,
      "shares": 50.115980619593714,
      "invested_lei": 1227.74,
      "fx_rate_buy": 4.398200035095215
    },
    "CDE": {
      "avg_price": 20.91877031558574,
      "shares": 17.805049991423406,
      "invested_lei": 1636.6999999999998,
      "fx_rate_buy": 4.394300533417508
    },
    "METCB": {
      "avg_price": 20.1,
      "shares": 13.61764539600148,
      "invested_lei": 1196.27,
      "fx_rate_buy": 4.370500087738037
    }
  },
  "realized_pnl": 2698.0986891973666
}