{
  "stocks": {
    "ONDS": {
      "avg_price": 4.79,
      "shares": 24.08,
      "invested_lei": 500.0,
      "fx_rate_buy": 4.34
    },
    "O": {
      "avg_price": 58.44,
      "shares": 3.3479153646995807,
      "invested_lei": 900.0,
      "fx_rate_buy": 4.34
    },
    "NVDA": {
      "avg_price": 172.02,
      "shares": 0.13374925949405497,
      "invested_lei": 100.0,
      "fx_rate_buy": 4.346399784088135
    },
    "RL": {
      "avg_price": 313.0,
      "shares": 0.22051962573323325,
      "invested_lei": 300.0,
      "fx_rate_buy": 4.346399784088135
    },
    "W": {
      "avg_price": 89.59,
      "shares": 1.2886718267609478,
      "invested_lei": 500.0,
      "fx_rate_buy": 4.3308000564575195
    },
    "CRDO": {
      "avg_price": 138.95,
      "shares": 1.7083788521322765,
      "invested_lei": 1024.6,
      "fx_rate_buy": 4.316299915313721
    }
  },
  "realized_pnl": 2782.8605924872422
}