{
  "stocks": {
    "M": {
      "avg_price": 17.34114759348088,
      "shares": 29.823050747095515,
      "invested_lei": 2229.87,
      "fx_rate_buy": 4.311791381600628
    },
    "NVDA": {
      "avg_price": 179.7670042002792,
      "shares": 15.476664452547965,
      "invested_lei": 12117.509331090467,
      "fx_rate_buy": 4.35547446531907
    },
    "PRE": {
      "avg_price": 12.847711789587423,
      "shares": 17.983197229972742,
      "invested_lei": 1000.0,
      "fx_rate_buy": 4.328199863433838
    },
    "TTI": {
      "avg_price": 5.57,
      "shares": 50.115980619593714,
      "invested_lei": 1227.74,
      "fx_rate_buy": 4.398200035095215
    },
    "METCB": {
      "avg_price": 20.1,
      "shares": 13.61764539600148,
      "invested_lei": 1196.27,
      "fx_rate_buy": 4.370500087738037
    }
  },
  "realized_pnl": 2757.591406827927
}