{
  "stocks": {
    "RL": {
      "avg_price": 318.31660157857897,
      "shares": 3.290326080314315,
      "invested_lei": 4523.24,
      "fx_rate_buy": 4.31689977645874
    },
    "GFI": {
      "avg_price": 33.63,
      "shares": 3.4447017570279925,
      "invested_lei": 500.0,
      "fx_rate_buy": 4.316100120544434
    },
    "XERS": {
      "avg_price": 7.798115485254205,
      "shares": 5.979078415297996,
      "invested_lei": 200.0,
      "fx_rate_buy": 4.315499782562256
    },
    "NIO": {
      "avg_price": 7.24,
      "shares": 16.131549547251314,
      "invested_lei": 500.0,
      "fx_rate_buy": 4.281099796295166
    },
    "ACFN": {
      "avg_price": 30.84635655674213,
      "shares": 6.384190070410437,
      "invested_lei": 850.0,
      "fx_rate_buy": 4.316299915313721
    },
    "METC": {
      "avg_price": 29.911240833911705,
      "shares": 6.20277031360157,
      "invested_lei": 800.0,
      "fx_rate_buy": 4.311912298202515
    },
    "COMM": {
      "avg_price": 16.3,
      "shares": 14.230305073334003,
      "invested_lei": 1000.0,
      "fx_rate_buy": 4.311200141906738
    },
    "M": {
      "avg_price": 17.179051299056358,
      "shares": 22.22788572829092,
      "invested_lei": 1642.76,
      "fx_rate_buy": 4.302089189536246
    }
  },
  "realized_pnl": 2879.2509602468135
}