{
  "stocks": {
    "KEP": {
      "avg_price": 16.419337449697537,
      "shares": 37.147282903371604,
      "invested_lei": 2670.7877529586435,
      "fx_rate_buy": 4.363891607334479,
      "currency": "USD"
    },
    "ERO": {
      "avg_price": 34.10278248874957,
      "shares": 35.11594811239873,
      "invested_lei": 5134.67,
      "currency": "USD",
      "fx_rate_buy": 4.28764009475708
    },
    "BTG": {
      "avg_price": 4.91,
      "shares": 137.26122312848906,
      "invested_lei": 2894.04,
      "currency": "USD",
      "fx_rate_buy": 4.294129848480225
    },
    "ARG.TO": {
      "avg_price": 5.63,
      "shares": 112.62080009337838,
      "invested_lei": 2000.0,
      "currency": "CAD",
      "fx_rate_buy": 3.1542999744415283
    },
    "WDC": {
      "avg_price": 260.0,
      "shares": 8.908495541725218e-06,
      "invested_lei": 0.01,
      "currency": "USD",
      "fx_rate_buy": 4.317399978637695
    }
  },
  "realized_pnl": 4056.424197047292
}