{
  "stocks": {
    "KEP": {
      "avg_price": 16.419337449697537,
      "shares": 37.147282903371604,
      "invested_lei": 2670.7877529586435,
      "fx_rate_buy": 4.363891607334479,
      "currency": "USD"
    },
    "ERO": {
      "avg_price": 34.10278248874957,
      "shares": 35.11594811239873,
      "invested_lei": 5134.67,
      "currency": "USD",
      "fx_rate_buy": 4.28764009475708
    },
    "BTG": {
      "avg_price": 5.216327525770491,
      "shares": 401.596029506529,
      "invested_lei": 9019.130000000001,
      "currency": "USD",
      "fx_rate_buy": 4.305382962716244
    },
    "ARG.TO": {
      "avg_price": 5.63,
      "shares": 112.62080009337838,
      "invested_lei": 2000.0,
      "currency": "CAD",
      "fx_rate_buy": 3.1542999744415283
    },
    "WDC": {
      "avg_price": 274.69,
      "shares": 1.9872880208597716,
      "invested_lei": 2353.16,
      "currency": "USD",
      "fx_rate_buy": 4.310699939727783
    },
    "FORM": {
      "avg_price": 94.0,
      "shares": 2.4709198059397062e-05,
      "invested_lei": 0.01,
      "currency": "USD",
      "fx_rate_buy": 4.3053998947143555
    }
  },
  "realized_pnl": 4056.424197047292
}