{
  "stocks": {
    "NVDA": {
      "avg_price": 179.7670042002792,
      "shares": 5.714596146949873,
      "invested_lei": 4474.263323753746,
      "fx_rate_buy": 4.345926565407039,
      "currency": "USD"
    },
    "MU": {
      "avg_price": 267.9739298904639,
      "shares": 2.2056265316495898,
      "invested_lei": 2567.7799999999997,
      "fx_rate_buy": 4.344577126119371,
      "currency": "USD"
    },
    "KEP": {
      "avg_price": 16.419337449697537,
      "shares": 48.43091566912993,
      "invested_lei": 3482.05,
      "fx_rate_buy": 4.378833712379269
    },
    "ERO": {
      "avg_price": 34.10278248874957,
      "shares": 35.11594811239873,
      "invested_lei": 5134.67,
      "currency": "USD",
      "fx_rate_buy": 4.28764009475708
    },
    "BTG": {
      "avg_price": 4.91,
      "shares": 137.26122312848906,
      "invested_lei": 2894.04,
      "currency": "USD",
      "fx_rate_buy": 4.294129848480225
    },
    "ARG.TO": {
      "avg_price": 5.63,
      "shares": 112.62080009337838,
      "invested_lei": 2000.0,
      "currency": "CAD",
      "fx_rate_buy": 3.1542999744415283
    }
  },
  "realized_pnl": 3087.9305802112785
}