{
  "stocks": {
    "M": {
      "avg_price": 17.34114759348088,
      "shares": 20.097652713469,
      "invested_lei": 1502.701827395968,
      "fx_rate_buy": 4.313388827281197,
      "currency": "USD"
    },
    "NVDA": {
      "avg_price": 179.7670042002792,
      "shares": 6.69613418993693,
      "invested_lei": 5242.762016167913,
      "fx_rate_buy": 4.353986700833662,
      "currency": "USD"
    },
    "MU": {
      "avg_price": 220.5,
      "shares": 1.5041476053544218,
      "invested_lei": 1448.18,
      "fx_rate_buy": 4.366399765014648
    },
    "III.TO": {
      "avg_price": 6.79,
      "shares": 74.80602618556702,
      "invested_lei": 1595.0,
      "fx_rate_buy": 3.1401784450363888,
      "currency": "CAD"
    },
    "KEP": {
      "avg_price": 16.419337449697537,
      "shares": 48.43091566912993,
      "invested_lei": 3482.05,
      "fx_rate_buy": 4.378833712379269
    },
    "FOLD": {
      "avg_price": 14.310727849803646,
      "shares": 42.35808905932565,
      "invested_lei": 2600.0,
      "currency": "USD",
      "fx_rate_buy": 4.28918981552124
    },
    "ERO": {
      "avg_price": 34.10278248874957,
      "shares": 35.11594811239873,
      "invested_lei": 5134.67,
      "currency": "USD",
      "fx_rate_buy": 4.28764009475708
    },
    "WRN": {
      "avg_price": 3.3,
      "shares": 150.30094630012894,
      "invested_lei": 2126.64,
      "currency": "USD",
      "fx_rate_buy": 4.28764009475708
    }
  },
  "realized_pnl": 1426.3793142340573
}