{
  "stocks": {
    "M": {
      "avg_price": 17.34114759348088,
      "shares": 20.097652713469,
      "invested_lei": 1502.701827395968,
      "fx_rate_buy": 4.313388827281197,
      "currency": "USD"
    },
    "NVDA": {
      "avg_price": 179.7670042002792,
      "shares": 5.714596146949873,
      "invested_lei": 4474.263323753746,
      "fx_rate_buy": 4.345926565407039,
      "currency": "USD"
    },
    "MU": {
      "avg_price": 220.5,
      "shares": 1.5041476053544218,
      "invested_lei": 1448.18,
      "fx_rate_buy": 4.366399765014648
    },
    "KEP": {
      "avg_price": 16.419337449697537,
      "shares": 48.43091566912993,
      "invested_lei": 3482.05,
      "fx_rate_buy": 4.378833712379269
    },
    "FOLD": {
      "avg_price": 14.310727849803646,
      "shares": 22.824520385086725,
      "invested_lei": 1401.0016579858018,
      "currency": "USD",
      "fx_rate_buy": 4.29371371505632
    },
    "ERO": {
      "avg_price": 34.10278248874957,
      "shares": 35.11594811239873,
      "invested_lei": 5134.67,
      "currency": "USD",
      "fx_rate_buy": 4.28764009475708
    },
    "BTG": {
      "avg_price": 4.91,
      "shares": 137.26122312848906,
      "invested_lei": 2894.04,
      "currency": "USD",
      "fx_rate_buy": 4.294129848480225
    },
    "ARG.TO": {
      "avg_price": 5.63,
      "shares": 112.62080009337838,
      "invested_lei": 2000.0,
      "currency": "CAD",
      "fx_rate_buy": 3.1542999744415283
    },
    "UCTT": {
      "avg_price": 44.03,
      "shares": 5.2585757446913905e-05,
      "invested_lei": 0.01,
      "currency": "USD",
      "fx_rate_buy": 4.318999767303467
    },
    "CRDO": {
      "avg_price": 102.0,
      "shares": 2.2699518631251168e-06,
      "invested_lei": 0.001,
      "currency": "USD",
      "fx_rate_buy": 4.318999767303467
    }
  },
  "realized_pnl": 2732.479172188496
}