{
  "stocks": {
    "M": {
      "avg_price": 17.34114759348088,
      "shares": 29.823050747095515,
      "invested_lei": 2229.87,
      "fx_rate_buy": 4.311791381600628
    },
    "NVDA": {
      "avg_price": 179.7670042002792,
      "shares": 7.912957536435968,
      "invested_lei": 6195.4781715578,
      "fx_rate_buy": 4.366043224335877
    },
    "TTI": {
      "avg_price": 5.57,
      "shares": 50.115980619593714,
      "invested_lei": 1227.74,
      "fx_rate_buy": 4.398200035095215
    },
    "IDCC": {
      "avg_price": 370.0,
      "shares": 1.0027829935479369,
      "invested_lei": 1623.96,
      "fx_rate_buy": 4.3769001960754395
    },
    "NVFY": {
      "avg_price": 5.83,
      "shares": 75.20358159734597,
      "invested_lei": 1914.61,
      "fx_rate_buy": 4.3668999671936035
    },
    "GURU": {
      "avg_price": 6.482761691275509,
      "shares": 42.9969674463793,
      "invested_lei": 1217.11,
      "fx_rate_buy": 4.366484750167425
    },
    "MU": {
      "avg_price": 220.5,
      "shares": 1.5041476053544218,
      "invested_lei": 1448.18,
      "fx_rate_buy": 4.366399765014648
    },
    "LRCX": {
      "avg_price": 161.9,
      "shares": 2.013039305582873,
      "invested_lei": 1430.0,
      "fx_rate_buy": 4.387700080871582
    },
    "FSLR": {
      "avg_price": 280.51,
      "shares": 1.2532598968291306,
      "invested_lei": 1555.09,
      "fx_rate_buy": 4.423500061035156
    }
  },
  "realized_pnl": 2550.630643472872
}