{
  "stocks": {
    "M": {
      "avg_price": 17.34114759348088,
      "shares": 20.097652713469,
      "invested_lei": 1502.701827395968,
      "fx_rate_buy": 4.313388827281197,
      "currency": "USD"
    },
    "NVDA": {
      "avg_price": 179.7670042002792,
      "shares": 7.912957536435968,
      "invested_lei": 6195.4781715578,
      "fx_rate_buy": 4.366043224335877
    },
    "MU": {
      "avg_price": 220.5,
      "shares": 1.5041476053544218,
      "invested_lei": 1448.18,
      "fx_rate_buy": 4.366399765014648
    },
    "FSLR": {
      "avg_price": 273.6584772656849,
      "shares": 3.3709008519146275,
      "invested_lei": 4060.82,
      "fx_rate_buy": 4.402164521762592
    },
    "III.TO": {
      "avg_price": 6.79,
      "shares": 74.80602618556702,
      "invested_lei": 1595.0,
      "fx_rate_buy": 3.1401784450363888,
      "currency": "CAD"
    },
    "KEP": {
      "avg_price": 16.419337449697537,
      "shares": 48.43091566912993,
      "invested_lei": 3482.05,
      "fx_rate_buy": 4.378833712379269
    },
    "JFU": {
      "avg_price": 7.1,
      "shares": 55.87865519170996,
      "invested_lei": 1723.9,
      "fx_rate_buy": 4.345180034637451
    },
    "KOD": {
      "avg_price": 27.6,
      "shares": 9.783510238335142,
      "invested_lei": 1182.52,
      "currency": "USD",
      "fx_rate_buy": 4.379300117492676
    }
  },
  "realized_pnl": 2808.1253469801245
}