{
  "stocks": {
    "ONDS": {
      "avg_price": 4.79,
      "shares": 24.08,
      "invested_lei": 500.0,
      "fx_rate_buy": 4.34
    },
    "RL": {
      "avg_price": 315.5300854226038,
      "shares": 4.407395386687158,
      "invested_lei": 6010.279821042558,
      "fx_rate_buy": 4.320640357988712
    },
    "W": {
      "avg_price": 89.59,
      "shares": 1.2886718267609478,
      "invested_lei": 500.0,
      "fx_rate_buy": 4.3308000564575195
    },
    "CRDO": {
      "avg_price": 138.95,
      "shares": 1.7083788521322765,
      "invested_lei": 1024.6,
      "fx_rate_buy": 4.316299915313721
    },
    "GFI": {
      "avg_price": 33.63,
      "shares": 3.4447017570279925,
      "invested_lei": 500.0,
      "fx_rate_buy": 4.316100120544434
    },
    "DDS": {
      "avg_price": 573.4,
      "shares": 0.0402572261065121,
      "invested_lei": 100.0,
      "fx_rate_buy": 4.332099914550781
    },
    "NVDA": {
      "avg_price": 177.71819647934515,
      "shares": 4.813145343264757,
      "invested_lei": 3705.0,
      "fx_rate_buy": 4.331390890515285
    }
  },
  "realized_pnl": 2792.3081485207867
}