{
  "stocks": {
    "KEP": {
      "avg_price": 16.419337449697537,
      "shares": 37.147282903371604,
      "invested_lei": 2670.7877529586435,
      "fx_rate_buy": 4.363891607334479,
      "currency": "USD"
    },
    "ERO": {
      "avg_price": 34.10278248874957,
      "shares": 35.11594811239873,
      "invested_lei": 5134.67,
      "currency": "USD",
      "fx_rate_buy": 4.28764009475708
    },
    "ARG.TO": {
      "avg_price": 5.63,
      "shares": 112.62080009337838,
      "invested_lei": 2000.0,
      "currency": "CAD",
      "fx_rate_buy": 3.1542999744415283
    },
    "DOCN": {
      "avg_price": 61.83664447959406,
      "shares": 7.481504395579462,
      "invested_lei": 2000.0,
      "currency": "USD",
      "fx_rate_buy": 4.3231000900268555
    },
    "OIS": {
      "avg_price": 13.54,
      "shares": 17.072803900622226,
      "invested_lei": 1000.0,
      "currency": "USD",
      "fx_rate_buy": 4.325900077819824
    },
    "FORM": {
      "avg_price": 100.94014783625369,
      "shares": 12.604454885956677,
      "invested_lei": 5500.0,
      "currency": "USD",
      "fx_rate_buy": 4.322900078513405
    },
    "BTG": {
      "avg_price": 5.17,
      "shares": 660.0988400111418,
      "invested_lei": 14748.03,
      "currency": "USD",
      "fx_rate_buy": 4.321499824523926
    }
  },
  "realized_pnl": 4151.9357463108045
}