{
  "stocks": {
    "ONDS": {
      "avg_price": 4.79,
      "shares": 24.08,
      "invested_lei": 500.0,
      "fx_rate_buy": 4.34
    },
    "O": {
      "avg_price": 58.44,
      "shares": 3.3479153646995807,
      "invested_lei": 900.0,
      "fx_rate_buy": 4.34
    },
    "VSAT": {
      "avg_price": 33.5,
      "shares": 3.2446463335496434,
      "invested_lei": 500.0,
      "fx_rate_buy": 4.34
    },
    "RL": {
      "avg_price": 318.69774955516317,
      "shares": 3.0433471923095943,
      "invested_lei": 4223.24,
      "fx_rate_buy": 4.354899883270264
    },
    "NVDA": {
      "avg_price": 172.0,
      "shares": 0.1334883908322383,
      "invested_lei": 100.0,
      "fx_rate_buy": 4.355400085449219
    }
  },
  "realized_pnl": 2817.552905725044
}