{
  "stocks": {
    "ONDS": {
      "avg_price": 4.79,
      "shares": 24.08,
      "invested_lei": 500.0,
      "fx_rate_buy": 4.34
    },
    "O": {
      "avg_price": 58.44,
      "shares": 3.3479153646995807,
      "invested_lei": 900.0,
      "fx_rate_buy": 4.34
    },
    "RL": {
      "avg_price": 318.69774955516317,
      "shares": 3.0433471923095943,
      "invested_lei": 4223.24,
      "fx_rate_buy": 4.354899883270264
    },
    "GFI": {
      "avg_price": 33.63,
      "shares": 3.438965157386763,
      "invested_lei": 500.0,
      "fx_rate_buy": 4.323299884796143
    },
    "EXPE": {
      "avg_price": 217.99,
      "shares": 0.5305153494860481,
      "invested_lei": 500.0,
      "fx_rate_buy": 4.323500156402588
    },
    "CRDO": {
      "avg_price": 138.95,
      "shares": 1.6636614956057931,
      "invested_lei": 1000.0,
      "fx_rate_buy": 4.325900077819824
    },
    "NVDA": {
      "avg_price": 165.0,
      "shares": 0.0,
      "invested_lei": 0.0,
      "fx_rate_buy": 4.328000068664551
    }
  },
  "realized_pnl": 2557.083543422354
}